<configuration>
    <include resource="org/springframework/boot/logging/logback/base.xml"/>
    <springProperty name="springAppName" source="spring.application.name"/>
    
    <appender name="CONSOLE" class="ch.qos.logback.core.ConsoleAppender">
        <encoder>
            <pattern>
                %highlight(%-5level) %cyan([%thread]) %green(%logger{36}) - %msg%n
            </pattern>
        </encoder>
    </appender>

    <root level="INFO">
        <appender-ref ref="CONSOLE"/>
    </root>
</configuration>
